"c","p","gamma","xi"
3.08554137698251,0.190250120203504,0.0916782144742769,0.0863418041441198
3.20848433501694,0.277918666235499,0.101357467262288,0.0915563377444447
2.63970822603671,0.266325483378572,0.0803158066369898,0.064315996788719
3.49708143636017,0.200689326189996,0.0611442590199262,0.0646502761508868
3.4155306916999,0.305373106692712,0.0914189724327956,0.0921170904810465
1.8680315654496,0.674512660530315,0.108717052621885,0.0940545380448913
3.45038291264508,0.219387350948661,0.103840536446355,0.104061955747458
3.29282268644399,0.192858766606867,0.0893426060180414,0.0940829501874982
2.64631534452678,0.313438614876002,0.11740723475609,0.0787133630904183
